time_start,launched,destroyed,model,launched_next_month
,1.0,1.0,Молнія,1.0
,1.0,1.0,Lancet,1.0
2025-04-10 16:04:00,1.0,0.0,Iskander-M,1.0
,1.0,1.0,Orlan-10,2.0
,2.0,2.0,Lancet,2.0
,2.0,2.0,Молнія,1.0
,1.0,1.0,Reconnaissance UAV,2.0
,2.0,2.0,Молнія,4.0
,4.0,4.0,Reconnaissance UAV,3.0
,3.0,3.0,Reconnaissance UAV,5.0
,5.0,5.0,Lancet,6.0
2025-04-06 05:00:00,6.0,1.0,Iskander-M,1.0
2025-04-04 19:00:00,1.0,0.0,Ballistic Missile,1.0
,1.0,1.0,Молнія,4.0
,4.0,4.0,Unknown UAV,2.0
,2.0,2.0,Reconnaissance UAV,2.0
2025-03-31 21:00:00,2.0,2.0,X-59/X-69,1.0
,1.0,1.0,Молнія,1.0
,1.0,1.0,Lancet,2.0
,2.0,2.0,Молнія,5.0
,5.0,5.0,Unknown UAV,1.0
,1.0,1.0,Reconnaissance UAV,3.0
,3.0,3.0,Unknown UAV,3.0
,3.0,3.0,Reconnaissance UAV,2.0
,2.0,2.0,Unknown UAV,4.0
,4.0,4.0,Reconnaissance UAV,1.0
2025-03-24 18:00:00,1.0,0.0,Iskander-M,1.0
,1.0,1.0,ZALA,1.0
,1.0,1.0,Молнія,1.0
,1.0,1.0,Supercam,2.0
,2.0,2.0,Молнія,1.0
,1.0,1.0,Merlin-VR,5.0
,5.0,5.0,Reconnaissance UAV,1.0
,1.0,1.0,Молнія,1.0
,1.0,1.0,ZALA,1.0
,1.0,1.0,Supercam,2.0
,2.0,2.0,Orlan-10,3.0
,3.0,3.0,Lancet,1.0
,1.0,0.0,Iskander-M,5.0
,5.0,5.0,Молнія,1.0
,1.0,1.0,ZALA,3.0
,3.0,3.0,Supercam,1.0
,1.0,1.0,Orlan-10,6.0
,6.0,6.0,Lancet,1.0
,1.0,1.0,Молнія,3.0
,3.0,3.0,ZALA,3.0
,3.0,3.0,Supercam,2.0
,2.0,2.0,Lancet,1.0
,1.0,1.0,Молнія,1.0
,1.0,1.0,Молнія,2.0
,2.0,2.0,ZALA,2.0
,2.0,2.0,Supercam,2.0
2025-03-14 19:30:00,2.0,0.0,Iskander-M,1.0
,1.0,1.0,Молнія,1.0
,1.0,1.0,Lancet,1.0
,1.0,1.0,ZALA,1.0
,1.0,1.0,Lancet,1.0
,1.0,1.0,Молнія,1.0
,1.0,1.0,ZALA,2.0
2025-03-11 19:00:00,2.0,0.0,Iskander-M,1.0
2025-03-11 19:00:00,1.0,0.0,Iskander-M,1.0
,1.0,1.0,Молнія,2.0
,2.0,2.0,Orlan-10,3.0
,3.0,3.0,Молнія,1.0
,1.0,1.0,ZALA,1.0
,1.0,1.0,Supercam,5.0
,5.0,5.0,ZALA,2.0
,2.0,2.0,Supercam,2.0
,2.0,2.0,Orlan-10,1.0
,1.0,0.0,X-31P,2.0
,2.0,2.0,Supercam,2.0
,2.0,2.0,Lancet,1.0
,1.0,0.0,Iskander-M,1.0
,1.0,0.0,Iskander-M,4.0
,4.0,4.0,Reconnaissance UAV,1.0
,1.0,1.0,Supercam,2.0
,2.0,2.0,Молнія,1.0
,1.0,1.0,ZALA,1.0
,1.0,1.0,ZALA,2.0
,2.0,2.0,Supercam,1.0
,1.0,0.0,Iskander-M,2.0
,2.0,2.0,ZALA,1.0
,1.0,1.0,Supercam,3.0
,3.0,3.0,Orlan-10,1.0
,1.0,0.0,Iskander-M,1.0
,1.0,1.0,ZALA,1.0
,1.0,1.0,ZALA,2.0
,2.0,2.0,Lancet,1.0
,1.0,1.0,ZALA,4.0
,4.0,4.0,Supercam,1.0
,1.0,1.0,Orlan-10,3.0
,3.0,3.0,Lancet,1.0
,1.0,1.0,ZALA,1.0
,1.0,1.0,Supercam,1.0
,1.0,1.0,Lancet,1.0
,1.0,1.0,ZALA,2.0
,2.0,2.0,Orlan-10,1.0
,1.0,1.0,Lancet,1.0
,1.0,1.0,Молнія,1.0
,1.0,1.0,Lancet,2.0
2025-02-20 19:00:00,2.0,0.0,Iskander-M/KN-23,1.0
,1.0,1.0,ZALA,2.0
,2.0,2.0,Supercam,14.0
,14.0,,X-101/X-555 and Kalibr and Iskander-M/KN-23,2.0
,2.0,2.0,Supercam,2.0
2025-02-18 20:00:00,2.0,0.0,Iskander-M/KN-23,1.0
,1.0,1.0,Молнія,2.0
,2.0,2.0,ZALA,2.0
,2.0,0.0,X-31P,1.0
,1.0,1.0,Unknown UAV,2.0
,2.0,2.0,Supercam,1.0
,1.0,1.0,Orlan-10,1.0
,1.0,1.0,Lancet,1.0
,1.0,1.0,Supercam,2.0
,2.0,2.0,Supercam,3.0
2025-02-16 21:45:00,3.0,0.0,X-31P,2.0
2025-02-16 04:30:00,2.0,0.0,Iskander-M,2.0
,2.0,2.0,Orlan-10,1.0
,1.0,1.0,Merlin-VR,2.0
,2.0,2.0,Lancet,1.0
,1.0,1.0,Supercam,1.0
,1.0,1.0,Supercam,2.0
,2.0,0.0,C-400,2.0
,2.0,2.0,ZALA,3.0
,3.0,3.0,Supercam,1.0
,1.0,1.0,Merlin-VR,1.0
,1.0,0.0,Iskander-M,5.0
2025-02-12 04:30:00,5.0,5.0,Iskander-M,1.0
,1.0,1.0,ZALA,1.0
,1.0,0.0,X-35,1.0
,1.0,1.0,Supercam,1.0
,1.0,1.0,Merlin-VR,1.0
2025-02-11 21:00:00,1.0,1.0,Iskander-M,19.0
,19.0,,Unknown Missile,3.0
,3.0,3.0,ZALA,2.0
,2.0,2.0,Supercam,1.0
,1.0,1.0,Orlan-10,2.0
,2.0,2.0,Lancet,1.0
,1.0,1.0,ZALA,3.0
,3.0,0.0,X-31P,3.0
,3.0,3.0,Lancet,2.0
,2.0,2.0,ZALA,1.0
,1.0,1.0,Supercam,2.0
,2.0,2.0,Orlan-10,4.0
,4.0,4.0,Lancet,1.0
,1.0,1.0,Orlan-10,1.0
,1.0,1.0,Merlin-VR,1.0
,1.0,0.0,X-35,1.0
,1.0,1.0,Lancet,1.0
,1.0,1.0,ZALA,2.0
,2.0,2.0,Lancet,5.0
,5.0,5.0,Молнія,3.0
,3.0,3.0,ZALA,5.0
,5.0,5.0,Supercam,1.0
,1.0,1.0,Lancet,1.0
2025-01-31 19:00:00,1.0,1.0,Orlan-10,3.0
2025-01-31 19:00:00,3.0,0.0,Iskander-M,1.0
,1.0,1.0,ZALA,1.0
2025-01-27 20:00:00,1.0,1.0,Iskander-M,1.0
,1.0,0.0,Iskander-M,2.0
2025-01-24 18:30:00,2.0,2.0,X-59/X-69,4.0
2025-01-23 04:00:00,4.0,0.0,Iskander-M/KN-23,1.0
2025-01-19 19:00:00,1.0,0.0,Iskander-M,1.0
,1.0,1.0,Orlan-10,4.0
2025-01-16 19:00:00,4.0,2.0,Iskander-M/KN-23,2.0
,2.0,2.0,ZALA,3.0
,3.0,3.0,Supercam,1.0
,1.0,1.0,Orlan-10,7.0
,7.0,7.0,Lancet,2.0
,2.0,0.0,X-31PD,2.0
,2.0,2.0,Lancet,1.0
,1.0,1.0,ZALA,3.0
,3.0,3.0,ZALA,1.0
,1.0,1.0,Supercam,1.0
,1.0,1.0,Orlan-10,8.0
,8.0,8.0,Lancet,1.0
,1.0,1.0,Iskander-M,1.0
,1.0,1.0,Supercam,3.0
2025-01-09 14:10:00,3.0,3.0,Iskander-K,1.0
,1.0,1.0,Молнія,2.0
,2.0,2.0,ZALA,1.0
,1.0,1.0,Supercam,4.0
,4.0,4.0,Orlan-10,1.0
,1.0,1.0,Merlin-VR,7.0
,7.0,7.0,Lancet,1.0
,1.0,1.0,Kub,2.0
2025-01-05 18:00:00,2.0,2.0,X-59,4.0
,4.0,4.0,ZALA,1.0
,1.0,1.0,Supercam,1.0
,1.0,1.0,Orlan-10,10.0
,10.0,10.0,Lancet,1.0
,1.0,1.0,ZALA,2.0
,2.0,2.0,Supercam,1.0
,1.0,1.0,Orlan-10,7.0
,7.0,7.0,Lancet,3.0
2025-01-03 12:00:00,3.0,3.0,X-59/X-69,3.0
2025-01-03 12:00:00,3.0,0.0,Iskander-M,5.0
2025-01-03 12:00:00,5.0,0.0,C-300,1.0
,1.0,1.0,ZALA,3.0
,3.0,3.0,Orlan-10,3.0
,3.0,3.0,ZALA,2.0
,2.0,2.0,Supercam,6.0
2024-12-30 07:20:00,6.0,5.0,X-69,1.0
2024-12-30 07:20:00,1.0,1.0,X-47 Kinzhal,8.0
2024-12-30 07:20:00,8.0,0.0,X-22,6.0
2024-12-31 02:50:00,6.0,0.0,Iskander-M/KN-23,3.0
,3.0,3.0,ZALA,2.0
,2.0,0.0,X-31P,2.0
,2.0,2.0,Supercam,1.0
,1.0,1.0,Orlan-10,1.0
,1.0,1.0,Merlin-VR,10.0
2024-12-28 19:00:00,10.0,9.0,Shahed-136/131,6.0
2024-12-28 19:00:00,6.0,0.0,C-300/C-400,16.0
2024-12-27 23:00:00,16.0,15.0,Shahed-136/131,1.0
,1.0,1.0,ZALA,1.0
,1.0,1.0,Orlan-10,3.0
,3.0,3.0,Lancet,3.0
,3.0,3.0,ZALA,1.0
,1.0,1.0,Supercam,1.0
2024-12-20 19:00:00,1.0,0.0,C-400,1.0
,1.0,0.0,Iskander-M,5.0
2024-12-20 07:00:00,5.0,5.0,Iskander-M/KN-23,2.0
,2.0,2.0,ZALA,2.0
,2.0,0.0,X-31P,1.0
,1.0,1.0,Supercam,3.0
,3.0,3.0,Orlan-10,1.0
,1.0,1.0,Lancet,2.0
,2.0,2.0,ZALA,1.0
,1.0,1.0,Orlan-10,2.0
,2.0,2.0,Lancet,1.0
,1.0,0.0,Iskander-M,5.0
,5.0,5.0,ZALA,1.0
,1.0,1.0,Supercam,2.0
,2.0,2.0,Orlan-10,1.0
,1.0,1.0,Kub,2.0
,2.0,2.0,Orlan-10,2.0
2024-12-11 11:00:00,2.0,2.0,X-59/X-69,1.0
,1.0,1.0,ZALA,1.0
,1.0,1.0,Supercam,2.0
2024-12-08 19:30:00,2.0,2.0,X-59/X-69,1.0
2024-12-06 21:30:00,1.0,0.0,Unknown Missile,3.0
,3.0,0.0,Iskander-M,2.0
2024-12-04 20:00:00,2.0,0.0,Iskander-M,2.0
,2.0,2.0,X-59/X-69,3.0
2024-12-02 17:00:00,3.0,3.0,X-59/X-69,3.0
,3.0,3.0,ZALA,1.0
,1.0,0.0,Unknown Missile,4.0
,4.0,4.0,Lancet,1.0
,1.0,0.0,Iskander-M,3.0
2024-11-28 05:00:00,3.0,0.0,C-300,1.0
,1.0,1.0,Orlan-10,1.0
,1.0,0.0,Iskander-M,1.0
,1.0,1.0,Фенікс,1.0
,1.0,1.0,Supercam,2.0
,2.0,2.0,Orlan-10,1.0
,1.0,1.0,Merlin-VR,2.0
,2.0,1.0,Iskander-M,1.0
2024-11-21 05:00:00,1.0,0.0,X-47 Kinzhal,7.0
2024-11-21 05:00:00,7.0,6.0,X-101/X-555,1.0
2024-11-21 05:00:00,1.0,0.0,Intercontinental ballistic missile,5.0
2024-11-19 19:30:00,5.0,2.0,X-59/X-69,1.0
2024-11-19 19:30:00,1.0,0.0,C-300,1.0
,1.0,1.0,ZALA,2.0
,2.0,2.0,Supercam,1.0
2024-11-18 11:57:00,1.0,1.0,Iskander-M,1.0
2024-11-18 11:45:00,1.0,1.0,Orlan-10,1.0
2024-11-17 19:30:00,1.0,0.0,X-59,2.0
2024-11-17 19:30:00,2.0,0.0,Iskander-M,2.0
,2.0,2.0,ZALA,1.0
,1.0,1.0,Supercam,1.0
,1.0,1.0,Orlan-10,4.0
,4.0,4.0,Lancet,3.0
2024-11-15 20:30:00,3.0,3.0,Lancet,1.0
2024-11-15 20:30:00,1.0,0.0,C-300,29.0
2024-11-14 21:00:00,29.0,25.0,Shahed-136/131,2.0
2024-11-14 21:30:00,2.0,1.0,X-59/X-69,2.0
2024-11-13 06:00:00,2.0,0.0,C-300,2.0
2024-11-11 21:00:00,2.0,0.0,X-59/X-69,1.0
2024-11-11 21:00:00,1.0,0.0,C-300,51.0
2024-11-08 21:00:00,51.0,32.0,Shahed-136/131,1.0
,1.0,1.0,ZALA,1.0
,1.0,1.0,Supercam,1.0
,1.0,0.0,Iskander-M,3.0
,3.0,3.0,ZALA,1.0
,1.0,1.0,Supercam,1.0
,1.0,1.0,Orlan-10,10.0
,10.0,10.0,Lancet,2.0
2024-11-05 20:00:00,2.0,0.0,X-59,1.0
2024-11-05 20:00:00,1.0,0.0,X-31P,2.0
,2.0,2.0,ZALA,2.0
,2.0,2.0,Orlan-10,1.0
,1.0,1.0,Lancet,2.0
2024-11-04 20:00:00,2.0,2.0,X-59/X-69,1.0
2024-11-03 19:00:00,1.0,0.0,Iskander-M,1.0
,1.0,1.0,Unknown UAV,3.0
2024-10-31 18:00:00,3.0,1.0,X-59/X-69,1.0
,1.0,1.0,Orlan-10,1.0
,1.0,1.0,Lancet,2.0
,2.0,0.0,Iskander-M,2.0
2024-10-30 18:30:00,2.0,0.0,Iskander-M/KN-23,8.0
2024-10-30 18:30:00,8.0,2.0,X-59/X-69,2.0
2024-10-30 18:30:00,2.0,0.0,Iskander-M/KN-23,1.0
2024-10-29 20:00:00,1.0,0.0,Unknown Missile,1.0
,1.0,1.0,Unknown UAV,2.0
,2.0,2.0,Supercam,9.0
,9.0,9.0,Lancet,1.0
2024-10-28 22:00:00,1.0,0.0,Iskander-M,2.0
2024-10-28 19:00:00,2.0,0.0,X-31P,1.0
2024-10-28 19:00:00,1.0,1.0,Orlan-10,5.0
2024-10-28 19:00:00,5.0,5.0,Lancet,80.0
2024-10-26 21:00:00,80.0,41.0,Shahed-136/131,1.0
,1.0,1.0,ZALA,1.0
,1.0,1.0,Supercam,1.0
,1.0,1.0,Orlan-10,1.0
,1.0,1.0,Iskander-M,2.0
2024-10-25 21:00:00,2.0,0.0,X-59,2.0
2024-10-25 21:00:00,2.0,0.0,Unknown Missile,3.0
2024-10-25 21:00:00,3.0,0.0,Iskander-M/KN-23,63.0
2024-10-24 23:00:00,63.0,36.0,Shahed-136/131,2.0
2024-10-23 21:00:00,2.0,0.0,X-59,2.0
2024-10-23 21:00:00,2.0,0.0,X-22,1.0
2024-10-22 22:00:00,1.0,0.0,X-31P,1.0
,1.0,1.0,ZALA,1.0
,1.0,1.0,X-31P,1.0
,1.0,1.0,Supercam,1.0
,1.0,1.0,Orlan-10,1.0
2024-10-20 20:00:00,1.0,0.0,X-35,1.0
2024-10-20 20:00:00,1.0,0.0,X-31P,1.0
2024-10-20 20:00:00,1.0,0.0,Iskander-M/KN-23,2.0
2024-10-19 21:00:00,2.0,0.0,Iskander-M,6.0
2024-10-18 21:00:00,6.0,4.0,X-59/X-69,1.0
2024-10-15 19:00:00,1.0,0.0,X-59,1.0
2024-10-15 19:00:00,1.0,0.0,C-300/C-400,2.0
,2.0,0.0,X-59,7.0
,7.0,0.0,C-300/C-400,1.0
,1.0,0.0,Unknown Missile,1.0
,1.0,1.0,Supercam,2.0
,2.0,0.0,Iskander-M,16.0
,16.0,0.0,Aerial Bomb,1.0
,1.0,0.0,Iskander-M,2.0
,2.0,0.0,X-59,1.0
,1.0,0.0,Iskander-M,1.0
,1.0,0.0,Iskander-M,1.0
,1.0,0.0,X-31P,1.0
,1.0,0.0,Iskander-M,2.0
2024-10-09 19:00:00,2.0,0.0,X-59/X-69,1.0
2024-10-09 19:00:00,1.0,0.0,X-31P,2.0
2024-10-09 19:00:00,2.0,0.0,Iskander-M,3.0
2024-10-09 19:00:00,3.0,0.0,C-300,4.0
,4.0,4.0,ZALA,1.0
,1.0,1.0,Supercam,3.0
,3.0,3.0,Lancet,3.0
,3.0,0.0,Iskander-M/KN-23,2.0
,2.0,2.0,ZALA,1.0
,1.0,1.0,Supercam,1.0
2024-10-07 19:00:00,1.0,1.0,Orlan-10,2.0
2024-10-07 19:00:00,2.0,0.0,Iskander-M,1.0
,1.0,1.0,Supercam,3.0
,3.0,3.0,Lancet,3.0
2024-10-07 08:20:00,3.0,2.0,X-47 Kinzhal,2.0
2024-10-05 19:00:00,2.0,0.0,Iskander-M,3.0
,3.0,3.0,ZALA,1.0
,1.0,1.0,ZALA,1.0
,1.0,0.0,X-31P,1.0
,1.0,1.0,Supercam,1.0
,1.0,1.0,Orlan-10,1.0
2024-10-01 12:00:00,1.0,0.0,Iskander-M,1.0
,1.0,1.0,ZALA,1.0
,1.0,1.0,Orlan-10,1.0
,1.0,1.0,Eleron,2.0
,2.0,0.0,Iskander-M,3.0
2024-09-28 07:30:00,3.0,1.0,Shahed-136/131,2.0
2024-09-27 19:00:00,2.0,0.0,Iskander-M,4.0
2024-09-27 16:00:00,4.0,0.0,X-47 Kinzhal,2.0
,2.0,0.0,X-22,1.0
,1.0,0.0,Iskander-M/KN-23,1.0
,1.0,1.0,ZALA,3.0
2024-09-26 10:00:00,3.0,0.0,X-47 Kinzhal,4.0
,4.0,4.0,X-59/X-69,2.0
,2.0,0.0,Unknown Missile,4.0
,4.0,4.0,X-59/X-69,3.0
,3.0,0.0,Unknown Missile,1.0
,1.0,0.0,C-300,2.0
,2.0,2.0,ZALA,1.0
,1.0,1.0,Supercam,1.0
,1.0,1.0,Orlan-10,81.0
2024-09-23 20:00:00,81.0,66.0,Shahed-136/131,4.0
,4.0,4.0,ZALA,1.0
,1.0,1.0,Orlan-10,11.0
,11.0,11.0,Lancet,4.0
,4.0,3.0,Shahed-136/131,2.0
,2.0,0.0,X-59/X-69,5.0
,5.0,5.0,X-59/X-69,4.0
,4.0,0.0,Iskander-M/KN-23,1.0
,1.0,1.0,X-59/X-69,3.0
,3.0,0.0,Unknown Missile,1.0
,1.0,1.0,ZALA,7.0
,7.0,7.0,Lancet,1.0
,1.0,0.0,Iskander-M,1.0
,1.0,1.0,X-59/X-69,3.0
,3.0,0.0,C-300/C-400,1.0
,1.0,1.0,Supercam,1.0
,1.0,1.0,Orlan-10,3.0
,3.0,0.0,X-59/X-69,1.0
,1.0,1.0,Orion,2.0
,2.0,0.0,Iskander-M,1.0
,1.0,1.0,ZALA,2.0
,2.0,2.0,ZALA,2.0
,2.0,2.0,Unknown UAV,1.0
,1.0,1.0,Supercam,2.0
,2.0,0.0,X-22/X-32,2.0
,2.0,0.0,Iskander-M,4.0
,4.0,4.0,ZALA,1.0
,1.0,1.0,Orlan-10,4.0
,4.0,4.0,Lancet,1.0
,1.0,1.0,Iskander-M,1.0
,1.0,0.0,X-59/X-69,6.0
,6.0,0.0,X-31P,2.0
,2.0,0.0,C-300,1.0
,1.0,0.0,X-31P,1.0
,1.0,0.0,Iskander-M,1.0
,1.0,1.0,ZALA,2.0
,2.0,2.0,Supercam,4.0
,4.0,4.0,ZALA,3.0
,3.0,3.0,Supercam,2.0
,2.0,2.0,Lancet,1.0
,1.0,1.0,ZALA,3.0
,3.0,3.0,Orlan-10,2.0
,2.0,2.0,Lancet,1.0
,1.0,1.0,ZALA,1.0
,1.0,1.0,Lancet,2.0
2024-09-04 05:30:00,2.0,0.0,X-22,3.0
2024-09-04 05:50:00,3.0,3.0,Iskander-K,2.0
2024-09-04 05:40:00,2.0,0.0,X-47 Kinzhal,3.0
,3.0,3.0,ZALA,2.0
,2.0,2.0,Supercam,1.0
,1.0,1.0,Lancet,1.0
,1.0,0.0,Iskander-M,1.0
2024-08-31 11:00:00,1.0,1.0,Orion,4.0
,4.0,4.0,Lancet,1.0
,1.0,0.0,Iskander-M,1.0
,1.0,1.0,Supercam,1.0
,1.0,1.0,Orlan-10,1.0
,1.0,0.0,Iskander-M,1.0
,1.0,1.0,Orlan-10,1.0
,1.0,1.0,Orlan-10,2.0
,2.0,2.0,Lancet,9.0
,9.0,8.0,Shahed-136/131,4.0
,4.0,0.0,X-22,1.0
,1.0,1.0,ZALA,2.0
,2.0,2.0,ZALA,1.0
,1.0,1.0,Supercam,1.0
,1.0,1.0,Orlan-10,1.0
,1.0,1.0,Merlin-VR,2.0
,2.0,2.0,Lancet,2.0
,2.0,0.0,X-31P,10.0
,10.0,2.0,Shahed-136/131,1.0
,1.0,0.0,Iskander-M,1.0
,1.0,1.0,ZALA,3.0
,3.0,3.0,Orlan-10,4.0
,4.0,4.0,Reconnaissance UAV,3.0
,3.0,3.0,ZALA,2.0
,2.0,2.0,Lancet,3.0
,3.0,3.0,ZALA,2.0
,2.0,2.0,Supercam,1.0
,1.0,1.0,Orlan-10,1.0
,1.0,0.0,Iskander-K,2.0
,2.0,2.0,Supercam,1.0
,1.0,1.0,Orlan-10,1.0
,1.0,1.0,Lancet,1.0
,1.0,1.0,Supercam,1.0
,1.0,1.0,Orlan-10,4.0
,4.0,4.0,Lancet,1.0
,1.0,1.0,ZALA,2.0
,2.0,2.0,Supercam,1.0
,1.0,0.0,Iskander-M,1.0
,1.0,1.0,ZALA,2.0
,2.0,2.0,Supercam,1.0
,1.0,1.0,ZALA,4.0
,4.0,4.0,Lancet,1.0
,1.0,0.0,Iskander-M,1.0
,1.0,0.0,Iskander-M,1.0
,1.0,1.0,Supercam,2.0
,2.0,2.0,Supercam,2.0
,2.0,2.0,X-59,2.0
,2.0,0.0,Iskander-M,1.0
,1.0,1.0,ZALA,1.0
,1.0,1.0,Orlan-10,2.0
,2.0,2.0,ZALA,1.0
,1.0,1.0,Orion,4.0
,4.0,2.0,Iskander-M/KN-23,1.0
,1.0,1.0,Supercam,1.0
,1.0,1.0,ZALA,1.0
,1.0,0.0,X-59,1.0
,1.0,0.0,X-59,1.0
,1.0,1.0,Orlan-10,2.0
,2.0,0.0,Iskander-M,1.0
,1.0,1.0,ZALA,2.0
,2.0,0.0,X-59,2.0
,2.0,2.0,Lancet,2.0
,2.0,0.0,C-300,2.0
,2.0,0.0,X-31P,2.0
,2.0,0.0,C-300,3.0
,3.0,3.0,ZALA,2.0
,2.0,2.0,Supercam,1.0
,1.0,1.0,Shahed-136/131,3.0
,3.0,3.0,ZALA,1.0
,1.0,1.0,ZALA,2.0
,2.0,2.0,Supercam,1.0
,1.0,1.0,Supercam,1.0
,1.0,1.0,Orlan-10,3.0
,3.0,0.0,Iskander-M,1.0
,1.0,0.0,Iskander-M,1.0
,1.0,0.0,Iskander-M,4.0
,4.0,4.0,Unknown UAV,2.0
,2.0,2.0,Supercam,1.0
,1.0,1.0,Orlan-10,3.0
,3.0,3.0,Lancet,1.0
,1.0,1.0,X-59,89.0
,89.0,89.0,Shahed-136/131,5.0
,5.0,5.0,ZALA,1.0
,1.0,1.0,Supercam,3.0
,3.0,3.0,ZALA,1.0
,1.0,1.0,ZALA,1.0
,1.0,1.0,Supercam,1.0
,1.0,1.0,Orlan-10,1.0
,1.0,1.0,Orlan-10,8.0
,8.0,7.0,Shahed-136/131,1.0
,1.0,1.0,Orlan-10,1.0
,1.0,1.0,Картограф,1.0
,1.0,1.0,Supercam,1.0
,1.0,1.0,Orlan-10,1.0
,1.0,1.0,X-59,1.0
,1.0,1.0,Supercam,2.0
,2.0,2.0,Orlan-10,1.0
,1.0,0.0,Iskander-M,3.0
,3.0,3.0,ZALA,2.0
,2.0,2.0,ZALA,1.0
,1.0,1.0,Supercam,2.0
,2.0,2.0,Supercam,2.0
,2.0,2.0,Orlan-10,1.0
,1.0,0.0,Unknown Missile,23.0
,23.0,17.0,Shahed-136/131,1.0
,1.0,0.0,Iskander-M,1.0
,1.0,0.0,X-69,8.0
,8.0,7.0,Shahed-136/131,4.0
,4.0,4.0,ZALA,2.0
,2.0,2.0,Supercam,1.0
,1.0,1.0,Orlan-10,1.0
,1.0,1.0,Orlan-10,1.0
,1.0,0.0,Iskander-M,3.0
,3.0,3.0,ZALA,2.0
,2.0,2.0,Supercam,1.0
,1.0,0.0,Supercam,1.0
,1.0,1.0,Orlan-10,1.0
,1.0,0.0,Iskander-M,1.0
,1.0,1.0,Привет-82,2.0
,2.0,2.0,ZALA,4.0
,4.0,4.0,ZALA,1.0
,1.0,1.0,Unknown UAV,3.0
,3.0,3.0,Supercam,1.0
,1.0,1.0,Supercam,4.0
,4.0,4.0,Lancet,4.0
,4.0,4.0,ZALA,1.0
,1.0,1.0,Supercam,1.0
,1.0,1.0,Orlan-10,1.0
,1.0,1.0,Iskander-M,1.0
,1.0,1.0,ZALA,2.0
,2.0,0.0,X-59,1.0
,1.0,0.0,X-31PD,3.0
,3.0,3.0,Lancet,2.0
,2.0,2.0,X-59/X-69,1.0
,1.0,1.0,X-35,2.0
,2.0,2.0,Supercam,2.0
,2.0,2.0,Reconnaissance UAV,1.0
,1.0,1.0,Orlan-10,1.0
,1.0,0.0,Iskander-M,4.0
,4.0,4.0,Supercam,2.0
,2.0,2.0,Orlan-10,1.0
,1.0,1.0,Unknown UAV,1.0
,1.0,1.0,Orlan-10,1.0
,1.0,1.0,ZALA,3.0
,3.0,3.0,Orlan-10,1.0
,1.0,0.0,Iskander-M,1.0
,1.0,0.0,Iskander-M,2.0
,2.0,2.0,Supercam,1.0
,1.0,0.0,Iskander-M,1.0
,1.0,1.0,ZALA,2.0
,2.0,2.0,ZALA,1.0
,1.0,1.0,Supercam,3.0
,3.0,3.0,Orlan-10,3.0
,3.0,3.0,Orlan-10,1.0
,1.0,1.0,ZALA,2.0
,2.0,2.0,X-59/X-69,1.0
,1.0,1.0,Supercam,3.0
,3.0,3.0,Orlan-10,1.0
,1.0,1.0,ZALA,3.0
,3.0,3.0,Orlan-10,1.0
2024-07-13 13:00:00,1.0,1.0,Orlan-10,2.0
,2.0,2.0,Orlan-10,1.0
,1.0,0.0,Iskander-M,3.0
,3.0,3.0,ZALA,2.0
,2.0,0.0,Iskander-M,1.0
,1.0,1.0,ZALA,1.0
,1.0,1.0,Supercam,2.0
,2.0,2.0,Orlan-10,1.0
,1.0,0.0,Iskander-M,2.0
,2.0,2.0,ZALA,1.0
,1.0,0.0,X-59,1.0
,1.0,0.0,X-31P,1.0
,1.0,1.0,Supercam,1.0
,1.0,1.0,Merlin-VR,1.0
,1.0,1.0,Orlan-10,1.0
,1.0,0.0,Iskander-M,2.0
,2.0,2.0,ZALA,1.0
,1.0,1.0,Supercam,1.0
,1.0,1.0,Reconnaissance UAV,1.0
,1.0,1.0,Orlan-10,1.0
,1.0,0.0,Iskander-M,2.0
,2.0,2.0,Orlan-10,3.0
,3.0,3.0,ZALA,2.0
,2.0,2.0,X-59/X-69,1.0
,1.0,1.0,Supercam,1.0
,1.0,1.0,Reconnaissance UAV,1.0
,1.0,1.0,Orlan-10,1.0
,1.0,1.0,Iskander-M,1.0
,1.0,1.0,ZALA,1.0
,1.0,1.0,Unknown UAV,1.0
,1.0,1.0,Supercam,1.0
,1.0,1.0,Supercam,2.0
,2.0,2.0,ZALA,2.0
,2.0,2.0,Supercam,1.0
,1.0,1.0,Orlan-10,1.0
,1.0,1.0,Merlin-VR,2.0
,2.0,2.0,Lancet,2.0
,2.0,0.0,Iskander-M,4.0
,4.0,4.0,ZALA,4.0
,4.0,4.0,X-59/X-69,5.0
,5.0,5.0,X-59,2.0
,2.0,2.0,Supercam,1.0
,1.0,1.0,Orlan-10,3.0
,3.0,3.0,ZALA,2.0
,2.0,2.0,Supercam,1.0
,1.0,1.0,Merlin-VR,1.0
,1.0,1.0,Lancet,1.0
,1.0,0.0,Iskander-M,1.0
2024-07-03 15:00:00,1.0,1.0,X-59/X-69,4.0
,4.0,4.0,X-59,5.0
,5.0,5.0,Shahed-136/131,1.0
,1.0,1.0,Orlan-10,3.0
,3.0,1.0,Iskander-K,1.0
,1.0,1.0,ZALA,1.0
2024-07-02 21:00:00,1.0,1.0,X-59/X-69,1.0
2024-07-02 17:00:00,1.0,1.0,Supercam,1.0
2024-07-01 13:00:00,1.0,1.0,X-59/X-69,1.0
,1.0,1.0,Supercam,1.0
,1.0,1.0,Orlan-10,1.0
,1.0,1.0,Iskander-M,2.0
,2.0,2.0,ZALA,1.0
,1.0,1.0,Orlan-10,4.0
,4.0,4.0,Lancet,1.0
,1.0,1.0,Orlan-10,4.0
,4.0,4.0,Lancet,1.0
,1.0,1.0,Unknown UAV,1.0
,1.0,1.0,Supercam,1.0
,1.0,1.0,Orlan-10,2.0
2024-06-28 12:00:00,2.0,2.0,Iskander-M,1.0
,1.0,1.0,ZALA,1.0
,1.0,1.0,Supercam,1.0
,1.0,1.0,Orlan-10,2.0
,2.0,2.0,Lancet,2.0
,2.0,2.0,ZALA,1.0
,1.0,1.0,Unknown UAV,1.0
,1.0,1.0,Supercam,1.0
,1.0,1.0,Orlan-10,2.0
,2.0,2.0,Lancet,2.0
,2.0,0.0,Iskander-M,1.0
,1.0,0.0,X-59,1.0
,1.0,0.0,Iskander-M,1.0
,1.0,1.0,ZALA,1.0
,1.0,1.0,Supercam,1.0
,1.0,1.0,Orlan-10,4.0
,4.0,4.0,ZALA,1.0
,1.0,1.0,Supercam,1.0
,1.0,1.0,Lancet,2.0
,2.0,1.0,Iskander-K,4.0
,4.0,4.0,Unknown UAV,1.0
,1.0,1.0,Unknown UAV,3.0
,3.0,3.0,Supercam,1.0
,1.0,1.0,Supercam,3.0
,3.0,2.0,Kalibr,1.0
,1.0,1.0,ZALA,10.0
,10.0,7.0,X-101/X-555,3.0
,3.0,3.0,ZALA,1.0
,1.0,1.0,ZALA,1.0
,1.0,0.0,X-69,2.0
,2.0,2.0,Supercam,2.0
,2.0,2.0,Orlan-10,1.0
,1.0,0.0,Iskander-M,4.0
,4.0,4.0,X-59/X-69,1.0
,1.0,0.0,Iskander-M,2.0
,2.0,1.0,X-59,4.0
,4.0,4.0,X-101/X-555,3.0
,3.0,0.0,Iskander-M,1.0
2024-06-19 16:00:00,1.0,1.0,X-59/X-69,1.0
2024-06-19 08:00:00,1.0,1.0,Kalibr,1.0
,1.0,1.0,Orlan-10,1.0
,1.0,1.0,Lancet,1.0
,1.0,0.0,Iskander-M,1.0
,1.0,1.0,Supercam,1.0
,1.0,1.0,Orlan-10,2.0
,2.0,2.0,Lancet,1.0
,1.0,1.0,Supercam,1.0
,1.0,1.0,Reconnaissance UAV,1.0
,1.0,1.0,Orlan-10,1.0
,1.0,0.0,X-31P,2.0
,2.0,2.0,Lancet,1.0
,1.0,0.0,Iskander-M,10.0
,10.0,7.0,X-101/X-555,3.0
,3.0,3.0,Reconnaissance UAV,1.0
,1.0,1.0,Supercam,1.0
,1.0,1.0,Orlan-10,1.0
,1.0,1.0,Lancet,1.0
,1.0,0.0,Iskander-M,1.0
2024-06-13 13:00:00,1.0,1.0,Orlan-10,2.0
,2.0,2.0,ZALA,2.0
,2.0,2.0,Supercam,1.0
,1.0,0.0,ZALA,1.0
,1.0,0.0,X-59,1.0
,1.0,0.0,Iskander-M,2.0
,2.0,2.0,X-59/X-69,1.0
,1.0,1.0,ZALA,1.0
,1.0,1.0,Supercam,1.0
,1.0,1.0,X-59,2.0
,2.0,2.0,Supercam,4.0
,4.0,4.0,Lancet,5.0
,5.0,5.0,X-101/X-555,1.0
,1.0,1.0,X-59/X-69,1.0
,1.0,1.0,Unknown UAV,1.0
,1.0,1.0,Supercam,1.0
2024-06-06 08:05:00,1.0,1.0,Orlan-10,1.0
,1.0,1.0,Orlan-10,2.0
,2.0,0.0,Iskander-M,1.0
,1.0,1.0,ZALA,1.0
2024-06-05 17:00:00,1.0,0.0,Iskander-M,1.0
,1.0,1.0,ZALA,2.0
,2.0,2.0,ZALA,4.0
,4.0,4.0,Unknown UAV,1.0
,1.0,1.0,Orlan-10,2.0
,2.0,2.0,Iskander-K,1.0
,1.0,1.0,ZALA,1.0
,1.0,1.0,Unknown UAV,1.0
,1.0,0.0,Iskander-M,1.0
,1.0,1.0,ZALA,1.0
,1.0,1.0,Unknown Missile,1.0
2024-06-03 01:00:00,1.0,1.0,Supercam,1.0
,1.0,1.0,ZALA,1.0
2024-06-02 11:00:00,1.0,1.0,Supercam,1.0
,1.0,1.0,Orlan-10,1.0
,1.0,0.0,Iskander-K,1.0
,1.0,0.0,C-300,1.0
,1.0,1.0,ZALA,1.0
,1.0,0.0,Iskander-M,1.0
2024-06-01 19:00:00,1.0,1.0,X-59/X-69,1.0
2024-06-01 13:00:00,1.0,0.0,Reconnaissance UAV,1.0
,1.0,1.0,Iskander-K,1.0
,1.0,1.0,Unknown UAV,1.0
,1.0,1.0,Supercam,1.0
,1.0,1.0,Lancet,1.0
,1.0,0.0,Iskander-M,1.0
,1.0,0.0,C-400,1.0
,1.0,1.0,Iskander-K,5.0
,5.0,0.0,C-300/C-400,2.0
,2.0,1.0,Unknown Missile,1.0
,1.0,1.0,Reconnaissance UAV,8.0
,8.0,0.0,C-300/C-400,1.0
,1.0,1.0,Supercam,1.0
,1.0,1.0,Lancet,1.0
,1.0,0.0,Iskander-M,1.0
,1.0,1.0,Supercam,2.0
,2.0,2.0,ZALA,1.0
,1.0,1.0,Supercam,1.0
,1.0,0.0,Iskander-M,1.0
,1.0,1.0,Orlan-10,1.0
2024-05-22 22:55:00,1.0,1.0,X-59/X-69,1.0
,1.0,1.0,ZALA,1.0
,1.0,1.0,X-59/X-69,1.0
,1.0,1.0,Orlan-10,1.0
,1.0,1.0,Orlan-10,1.0
2024-05-20 11:00:00,1.0,1.0,X-59/X-69,2.0
,2.0,2.0,Orlan-10,1.0
,1.0,0.0,Iskander-M,1.0
,1.0,0.0,Iskander-M,1.0
,1.0,1.0,Supercam,1.0
,1.0,1.0,Orlan-10,1.0
,1.0,1.0,Lancet,1.0
2024-05-19 18:00:00,1.0,1.0,X-59/X-69,1.0
,1.0,1.0,Orlan-10,1.0
2024-05-18 16:00:00,1.0,1.0,X-59/X-69,1.0
2024-05-18 16:00:00,1.0,1.0,Supercam,1.0
2024-05-18 16:00:00,1.0,1.0,Shahed-136/131,1.0
,1.0,1.0,Orlan-10,1.0
2024-05-18 06:00:00,1.0,0.0,Iskander-M,2.0
,2.0,2.0,Supercam,1.0
,1.0,1.0,Supercam,1.0
,1.0,1.0,Orlan-10,2.0
,2.0,2.0,ZALA,3.0
,3.0,3.0,X-59/X-69,1.0
,1.0,1.0,Unknown UAV,1.0
,1.0,1.0,Unknown UAV,1.0
,1.0,1.0,Lancet,3.0
,3.0,0.0,Iskander-M,1.0
,1.0,1.0,Unknown UAV,1.0
,1.0,1.0,Lancet,1.0
2024-05-15 13:30:00,1.0,1.0,X-59/X-69,1.0
,1.0,1.0,ZALA,1.0
,1.0,1.0,Supercam,1.0
,1.0,1.0,Orlan-10,1.0
,1.0,1.0,ZALA,1.0
,1.0,1.0,Supercam,1.0
,1.0,1.0,Orlan-10,1.0
2024-05-12 19:00:00,1.0,1.0,Unknown UAV,1.0
2024-05-12 12:00:00,1.0,1.0,Orlan-10,1.0
,1.0,1.0,Orlan-10,1.0
,1.0,1.0,Lancet,1.0
2024-05-11 17:00:00,1.0,1.0,X-59/X-69,4.0
,4.0,4.0,ZALA,1.0
,1.0,1.0,Orlan-10,1.0
2024-05-10 17:00:00,1.0,1.0,X-59/X-69,10.0
,10.0,10.0,Shahed-136/131,2.0
,2.0,0.0,C-300/C-400,1.0
,1.0,1.0,ZALA,1.0
,1.0,1.0,Supercam,1.0
,1.0,1.0,Lancet,20.0
,20.0,17.0,Shahed-136/131,2.0
,2.0,2.0,ZALA,3.0
,3.0,3.0,Supercam,1.0
2024-05-08 18:00:00,1.0,1.0,X-59/X-69,1.0
2024-05-08 14:00:00,1.0,1.0,Orlan-10,2.0
,2.0,2.0,X-59/X-69,4.0
,4.0,4.0,Kalibr,2.0
2024-05-07 14:00:00,2.0,2.0,X-59/X-69,1.0
2024-05-06 13:00:00,1.0,1.0,X-59/X-69,1.0
,1.0,1.0,Unknown UAV,13.0
,13.0,12.0,Shahed-136/131,1.0
,1.0,1.0,Reconnaissance UAV,3.0
,3.0,3.0,Lancet,1.0
2024-05-05 13:00:00,1.0,1.0,ZALA,23.0
,23.0,23.0,Shahed-136/131,1.0
,1.0,1.0,Orlan-10,1.0
2024-05-04 16:15:00,1.0,1.0,X-59/X-69,13.0
,13.0,13.0,Shahed-136/131,4.0
,4.0,0.0,C-300,1.0
2024-05-03 23:00:00,1.0,1.0,Supercam,1.0
2024-05-03 17:00:00,1.0,1.0,Supercam,1.0
2024-05-03 12:00:00,1.0,1.0,Reconnaissance UAV,1.0
,1.0,1.0,Supercam,1.0
,1.0,1.0,ZALA,1.0
,1.0,1.0,Supercam,1.0
,1.0,1.0,Orlan-10,1.0
,1.0,1.0,X-59/X-69,2.0
,2.0,2.0,Shahed-136/131,1.0
,1.0,1.0,Orlan-10,2.0
,2.0,2.0,Orlan-10,5.0
,5.0,1.0,Unknown UAV,2.0
,2.0,2.0,Reconnaissance UAV,1.0
,1.0,0.0,C-300,1.0
2024-04-27 17:00:00,1.0,1.0,Orlan-10,1.0
,1.0,1.0,ZALA,1.0
,1.0,1.0,Orlan-10,1.0
,1.0,1.0,Orlan-10,1.0
,1.0,1.0,Lancet,1.0
,1.0,1.0,Orlan-10,1.0
,1.0,1.0,Supercam,1.0
2024-04-25 13:00:00,1.0,1.0,Unknown Missile,1.0
2024-04-25 08:00:00,1.0,1.0,ZALA,1.0
,1.0,1.0,ZALA,1.0
2024-04-24 17:00:00,1.0,1.0,X-59,2.0
,2.0,2.0,Lancet,1.0
2024-04-23 22:25:00,1.0,1.0,Unknown UAV,1.0
2024-04-23 20:00:00,1.0,1.0,Orlan-10,1.0
2024-04-23 12:00:00,1.0,1.0,Orlan-10,2.0
,2.0,0.0,Iskander-M,1.0
2024-04-22 10:00:00,1.0,1.0,Orlan-10,7.0
,7.0,5.0,Shahed-136/131,3.0
,3.0,0.0,C-300/C-400,1.0
2024-04-22 07:00:00,1.0,1.0,Orlan-10,1.0
2024-04-20 19:00:00,1.0,1.0,ZALA,1.0
2024-04-20 12:00:00,1.0,1.0,Supercam,1.0
2024-04-20 09:00:00,1.0,1.0,Supercam,2.0
,2.0,2.0,X-59/X-69,1.0
,1.0,1.0,Supercam,1.0
,1.0,1.0,Orlan-10,1.0
,1.0,1.0,Orlan-10,1.0
2024-04-20 07:00:00,1.0,1.0,Supercam,1.0
2024-04-20 05:00:00,1.0,1.0,X-59,3.0
,3.0,3.0,X-59/X-69,1.0
2024-04-19 16:30:00,1.0,1.0,X-59,4.0
,4.0,4.0,Orlan-10,1.0
2024-04-17 13:00:00,1.0,1.0,Supercam,9.0
,9.0,9.0,Shahed-136/131,1.0
2024-04-14 17:50:00,1.0,1.0,Unknown Missile,2.0
2024-04-14 17:30:00,2.0,2.0,X-59,10.0
,10.0,10.0,Shahed-136/131,4.0
,4.0,0.0,C-300/C-400,1.0
,1.0,1.0,X-59,1.0
2024-04-12 20:30:00,1.0,1.0,X-59,2.0
2024-04-12 18:30:00,2.0,2.0,Reconnaissance UAV,1.0
,1.0,1.0,ZALA,1.0
,1.0,0.0,X-59,1.0
2024-04-11 19:00:00,1.0,1.0,Supercam,1.0
2024-04-11 19:00:00,1.0,1.0,Supercam,4.0
,4.0,2.0,X-59,6.0
,6.0,0.0,X-47 Kinzhal,12.0
,12.0,0.0,C-300,1.0
2024-04-11 05:00:00,1.0,1.0,ZALA,1.0
2024-04-10 20:00:00,1.0,1.0,ZALA,1.0
2024-04-10 17:00:00,1.0,1.0,X-59,1.0
2024-04-10 10:00:00,1.0,1.0,Reconnaissance UAV,17.0
,17.0,14.0,Shahed-136/131,1.0
,1.0,0.0,Iskander-M,2.0
,2.0,0.0,Iskander-K,2.0
,2.0,2.0,Orlan-10,2.0
,2.0,2.0,Merlin-VR,2.0
2024-04-09 20:00:00,2.0,0.0,X-59,1.0
2024-04-09 12:00:00,1.0,1.0,Orlan-10,4.0
,4.0,0.0,C-300,1.0
,1.0,1.0,X-59,2.0
,2.0,2.0,Orlan-10,1.0
2024-04-07 11:00:00,1.0,1.0,Unknown UAV,1.0
,1.0,0.0,X-31,1.0
,1.0,0.0,Iskander-M,1.0
,1.0,1.0,Supercam,1.0
,1.0,1.0,Orlan-10,2.0
2024-04-06 12:00:00,2.0,2.0,Orlan-10,1.0
,1.0,1.0,Kalibr,3.0
,3.0,0.0,Iskander-M,2.0
,2.0,0.0,C-300/C-400,1.0
,1.0,1.0,Orlan-10,20.0
,20.0,11.0,Shahed-136/131,1.0
,1.0,1.0,Orlan-10,3.0
,3.0,0.0,C-300,1.0
2024-04-02 18:00:00,1.0,1.0,X-59,1.0
,1.0,0.0,X-59,10.0
,10.0,9.0,Shahed-136/131,1.0
2024-04-01 18:00:00,1.0,1.0,X-59,1.0
,1.0,1.0,Forpost,11.0
,11.0,9.0,Shahed-136/131,1.0
,1.0,1.0,Supercam,1.0
2024-03-30 14:50:00,1.0,1.0,X-59,4.0
,4.0,0.0,C-300/C-400,1.0
,1.0,1.0,X-59,1.0
,1.0,1.0,Supercam,1.0
,1.0,1.0,Lancet,2.0
2024-03-29 15:00:00,2.0,2.0,X-59,1.0
,1.0,0.0,X-31P,3.0
,3.0,0.0,X-22,28.0
,28.0,26.0,Shahed-136/131,1.0
,1.0,0.0,C-300,1.0
2024-03-27 18:00:00,1.0,1.0,X-59,1.0
2024-03-27 18:00:00,1.0,1.0,Supercam,1.0
2024-03-27 16:10:00,1.0,1.0,X-59,13.0
,13.0,10.0,Shahed-136/131,1.0
2024-03-26 16:05:00,1.0,1.0,X-59,12.0
,12.0,12.0,Shahed-136/131,2.0
,2.0,2.0,C-300,1.0
2024-03-25 20:55:00,1.0,1.0,Unknown UAV,2.0
2024-03-25 10:30:00,2.0,2.0,3M22 Zircon,9.0
,9.0,8.0,Shahed-136/131,1.0
,1.0,1.0,Supercam,1.0
,1.0,1.0,Reconnaissance UAV,4.0
,4.0,0.0,C-300,2.0
,2.0,2.0,ZALA,2.0
2024-03-22 02:00:00,2.0,2.0,X-59,29.0
2024-03-21 03:00:00,29.0,29.0,X-101/X-555,2.0
2024-03-21 03:00:00,2.0,2.0,Iskander-M/KN-23 and X-47 Kinzhal,1.0
,1.0,1.0,Supercam,2.0
,2.0,2.0,Lancet,2.0
,2.0,2.0,Supercam,3.0
,3.0,3.0,ZALA,2.0
,2.0,0.0,X-59,5.0
,5.0,0.0,C-300/C-400,2.0
,2.0,0.0,X-59,17.0
,17.0,14.0,Shahed-136/131,5.0
,5.0,0.0,C-300,2.0
,2.0,2.0,Shahed-136/131,1.0
,1.0,0.0,X-59,7.0
,7.0,0.0,C-300,13.0
,13.0,13.0,Shahed-136/131,3.0
,3.0,3.0,Shahed-136/131,1.0
2024-03-13 12:00:00,1.0,1.0,KAB,1.0
,1.0,1.0,X-59,8.0
,8.0,8.0,Shahed-136/131,10.0
,10.0,10.0,Shahed-136/131,5.0
,5.0,5.0,Shahed-136/131,2.0
,2.0,2.0,Lancet,4.0
,4.0,0.0,C-300,3.0
,3.0,3.0,Lancet,1.0
,1.0,1.0,Lancet,1.0
2024-03-06 15:00:00,1.0,1.0,Orlan-10,1.0
2024-03-05 16:00:00,1.0,1.0,X-59,22.0
,22.0,18.0,Shahed-136/131,1.0
2024-03-04 16:00:00,1.0,1.0,X-59,1.0
2024-03-03 20:00:00,1.0,1.0,X-59,1.0
,1.0,1.0,ZALA,3.0
,3.0,0.0,X-59 and X-35,17.0
,17.0,14.0,Shahed-136/131,1.0
2024-03-01 16:00:00,1.0,1.0,X-59,1.0
,1.0,1.0,Unknown UAV,4.0
,4.0,4.0,Shahed-136/131,5.0
,5.0,0.0,C-300,2.0
,2.0,2.0,Lancet,1.0
,1.0,1.0,Supercam,1.0
,1.0,1.0,Lancet,1.0
,1.0,0.0,X-31P,2.0
,2.0,2.0,ZALA,1.0
,1.0,1.0,Supercam,3.0
,3.0,3.0,X-59,2.0
,2.0,2.0,ZALA,1.0
,1.0,1.0,Merlin-VR,3.0
,3.0,2.0,X-59,2.0
,2.0,0.0,Iskander-M,1.0
,1.0,1.0,ZALA,3.0
,3.0,0.0,C-300,1.0
,1.0,1.0,ZALA,1.0
,1.0,1.0,Supercam,1.0
,1.0,1.0,X-59,1.0
2024-02-19 18:00:00,1.0,1.0,X-59,4.0
,4.0,4.0,Shahed-136/131,1.0
,1.0,1.0,Lancet,1.0
2024-02-17 18:00:00,1.0,1.0,X-59,1.0
,1.0,1.0,ZALA,1.0
,1.0,1.0,Supercam,1.0
2024-02-16 18:00:00,1.0,1.0,X-59,4.0
,4.0,2.0,X-59,6.0
,6.0,1.0,Iskander-M/KN-23,2.0
,2.0,0.0,C-300,1.0
,1.0,1.0,X-59,1.0
,1.0,1.0,Lancet,1.0
,1.0,1.0,X-59,1.0
,1.0,1.0,ZALA,1.0
,1.0,1.0,Supercam,1.0
2024-02-08 17:00:00,1.0,1.0,X-59,1.0
2024-02-06 17:00:00,1.0,1.0,X-59,1.0
2024-02-03 17:00:00,1.0,1.0,X-59,1.0
,1.0,1.0,ZALA,4.0
,4.0,2.0,Shahed-136/131,1.0
,1.0,1.0,Orlan-10,1.0
2024-01-31 16:00:00,1.0,1.0,X-59,1.0
,1.0,1.0,Merlin-VR,2.0
,2.0,2.0,Lancet,1.0
2024-01-30 18:00:00,1.0,1.0,Merlin-VR,1.0
,1.0,1.0,Supercam,2.0
,2.0,0.0,C-300,1.0
,1.0,0.0,Iskander-M,3.0
,3.0,0.0,C-300,1.0
2024-01-28 14:00:00,1.0,1.0,X-59,8.0
,8.0,4.0,Shahed-136/131,2.0
,2.0,0.0,Iskander-M,3.0
,3.0,0.0,C-300,4.0
,4.0,4.0,Shahed-136/131,1.0
,1.0,0.0,Iskander-M,1.0
2024-01-25 16:00:00,1.0,1.0,X-59,4.0
,4.0,0.0,C-300,2.0
2024-01-24 15:00:00,2.0,2.0,X-59,2.0
,2.0,2.0,Merlin-VR,2.0
,2.0,1.0,X-59,8.0
,8.0,0.0,X-22,12.0
,12.0,5.0,Iskander-M,4.0
,4.0,0.0,C-300/C-400,1.0
2024-01-22 18:00:00,1.0,1.0,X-59,1.0
,1.0,1.0,X-59,3.0
,3.0,0.0,C-300,33.0
,33.0,22.0,Shahed-136/131,2.0
,2.0,0.0,C-300,2.0
,2.0,0.0,C-300,1.0
,1.0,1.0,X-59,1.0
,1.0,1.0,Reconnaissance UAV,1.0
,1.0,1.0,Lancet,1.0
,1.0,1.0,Supercam,1.0
,1.0,1.0,Orlan-10,2.0
,2.0,2.0,ZALA,1.0
,1.0,1.0,X-59,1.0
,1.0,1.0,Merlin-VR,1.0
,1.0,1.0,X-59,3.0
,3.0,0.0,Shahed-136/131,1.0
,1.0,1.0,Merlin-VR,1.0
,1.0,1.0,X-59,1.0
,1.0,1.0,Supercam,1.0
,1.0,1.0,Merlin-VR,8.0
,8.0,8.0,Shahed-136/131,28.0
,28.0,21.0,Shahed-136/131,1.0
,1.0,1.0,X-59,3.0
,3.0,0.0,C-300,1.0
,1.0,1.0,Supercam,1.0
,1.0,1.0,Shahed-136/131,1.0
,1.0,1.0,Orlan-10,2.0
,2.0,2.0,Merlin-VR,2.0
,2.0,2.0,Shahed-136/131,2.0
,2.0,2.0,X-59,1.0
,1.0,1.0,Lancet,3.0
,3.0,0.0,KAB,1.0
,1.0,1.0,ZALA,5.0
,5.0,5.0,Lancet,1.0
2024-01-01 14:00:00,1.0,1.0,X-59,4.0
,4.0,0.0,C-300,1.0
,1.0,1.0,Merlin-VR,2.0
,2.0,2.0,Lancet,1.0
2023-12-30 13:00:00,1.0,1.0,X-59,10.0
,10.0,5.0,Shahed-136/131,6.0
,6.0,0.0,C-300,8.0
2023-12-29 05:00:00,8.0,0.0,X-22 and X-32,14.0
2023-12-29 05:00:00,14.0,0.0,C-300/C-400 and Iskander-M,8.0
,8.0,7.0,Shahed-136/131,1.0
,1.0,1.0,Supercam,2.0
,2.0,2.0,Merlin-VR,2.0
,2.0,2.0,X-59,1.0
,1.0,1.0,Supercam,1.0
,1.0,1.0,Merlin-VR,1.0
,1.0,1.0,X-59,1.0
,1.0,1.0,ZALA,1.0
,1.0,1.0,X-59,1.0
2023-12-23 14:00:00,1.0,1.0,X-59,2.0
,2.0,0.0,C-300,1.0
,1.0,1.0,X-59,2.0
,2.0,2.0,Shahed-136/131,1.0
,1.0,1.0,X-59,2.0
,2.0,2.0,Shahed-136/131,14.0
,14.0,14.0,Shahed-136/131,42.0
2023-12-13 19:00:00,42.0,41.0,Shahed-136/131,1.0
,1.0,0.0,X-59,10.0
,10.0,10.0,Shahed-136/131,10.0
2023-12-13 03:00:00,10.0,10.0,C-400 and Iskander-M,1.0
2023-12-11 18:00:00,1.0,1.0,X-59,1.0
2023-12-11 15:00:00,1.0,1.0,X-59,18.0
,18.0,18.0,Shahed-136/131,8.0
2023-12-11 04:00:00,8.0,8.0,KAB,19.0
2023-12-08 06:00:00,19.0,14.0,X-101/X-555,7.0
,7.0,7.0,Shahed-136/131,6.0
,6.0,0.0,C-300,18.0
,18.0,15.0,Shahed-136/131,1.0
2023-12-06 10:00:00,1.0,1.0,Supercam,1.0
,1.0,1.0,X-59,1.0
2023-12-05 12:00:00,1.0,1.0,Reconnaissance UAV,6.0
,6.0,0.0,C-300,2.0
,2.0,2.0,ZALA,2.0
,2.0,2.0,Merlin-VR,1.0
,1.0,1.0,Merlin-VR,1.0
,1.0,1.0,Lancet,12.0
,12.0,10.0,Shahed-136/131,1.0
,1.0,1.0,Supercam,1.0
,1.0,0.0,X-59,11.0
,11.0,10.0,Shahed-136/131,2.0
,2.0,1.0,X-59,25.0
,25.0,18.0,Shahed-136/131,1.0
,1.0,1.0,Lancet,8.0
,8.0,0.0,C-300,3.0
,3.0,2.0,X-59,1.0
2023-11-28 14:00:00,1.0,1.0,ZALA,1.0
2023-11-28 13:00:00,1.0,1.0,Unknown UAV,1.0
,1.0,0.0,Iskander-M,1.0
,1.0,1.0,Orlan-10,1.0
,1.0,1.0,X-59,75.0
,75.0,74.0,Shahed-136/131,1.0
,1.0,1.0,Orlan-10,1.0
2023-11-21 20:00:00,1.0,0.0,X-22,2.0
,2.0,2.0,Shahed-136/131,1.0
,1.0,1.0,Iskander-K,4.0
,4.0,0.0,C-400,1.0
,1.0,1.0,Mohajer-6,20.0
,20.0,15.0,Shahed-136/131,1.0
,1.0,1.0,X-59,2.0
,2.0,2.0,Orlan-10,3.0
,3.0,3.0,Merlin-VR,2.0
,2.0,1.0,X-59,1.0
,1.0,0.0,Iskander-M,1.0
,1.0,1.0,Iskander-M,1.0
2023-11-10 13:00:00,1.0,1.0,Merlin-VR,1.0
,1.0,0.0,X-59,1.0
,1.0,1.0,X-59,1.0
2023-11-06 22:00:00,1.0,1.0,Shahed-136/131,1.0
,1.0,0.0,Orlan-10,1.0
2023-11-05 20:00:00,1.0,1.0,X-59,1.0
2023-11-05 16:00:00,1.0,1.0,X-59,3.0
2023-11-04 17:00:00,3.0,3.0,Iskander-K,2.0
,2.0,2.0,Shahed-136/131,1.0
,1.0,1.0,Lancet,1.0
,1.0,1.0,X-59,1.0
,1.0,1.0,Lancet,1.0
2023-11-01 12:00:00,1.0,1.0,Orlan-10,2.0
,2.0,2.0,X-59,1.0
2023-10-31 12:00:00,1.0,1.0,Supercam,1.0
,1.0,1.0,Shahed-136/131,3.0
,3.0,3.0,Lancet,2.0
,2.0,2.0,Lancet,1.0
,1.0,0.0,X-59,2.0
,2.0,2.0,X-59,5.0
,5.0,5.0,Shahed-136/131,1.0
,1.0,1.0,Merlin-VR,3.0
,3.0,3.0,Lancet,4.0
,4.0,3.0,Iskander-K,6.0
,6.0,5.0,Shahed-136/131,1.0
,1.0,0.0,Iskander-M,3.0
,3.0,3.0,X-59,2.0
,2.0,2.0,Lancet,1.0
,1.0,1.0,X-59,6.0
,6.0,6.0,Shahed-136/131,1.0
,1.0,1.0,X-59,1.0
,1.0,1.0,Unknown UAV,13.0
,13.0,13.0,Shahed-136/131,1.0
,1.0,1.0,X-59,2.0
,2.0,0.0,Unknown UAV,3.0
,3.0,3.0,Shahed-136/131,8.0
,8.0,0.0,C-300,3.0
,3.0,3.0,Lancet,1.0
2023-10-18 20:00:00,1.0,1.0,X-59,1.0
,1.0,1.0,Lancet,1.0
,1.0,1.0,X-59,6.0
,6.0,6.0,Shahed-136/131,2.0
,2.0,0.0,C-300,5.0
,5.0,2.0,X-59,1.0
,1.0,1.0,Unknown UAV,1.0
,1.0,1.0,Supercam,36.0
,36.0,27.0,Shahed-136/131,33.0
,33.0,25.0,Shahed-136/131,29.0
,29.0,24.0,Shahed-136/131,31.0
,31.0,29.0,Shahed-136/131,1.0
,1.0,1.0,Iskander-K,7.0
,7.0,4.0,Shahed-136/131,30.0
,30.0,16.0,Shahed-136/131,3.0
,3.0,3.0,Merlin-VR,40.0
,40.0,30.0,Shahed-136/131,19.0
,19.0,19.0,Shahed-136/131,2.0
,2.0,0.0,P-800 Oniks,12.0
,12.0,11.0,Kalibr,15.0
,15.0,14.0,Shahed-136/131,2.0
,2.0,2.0,Orlan-10,6.0
2023-09-21 06:00:00,6.0,0.0,C-300,24.0
,24.0,17.0,Shahed-136/131,1.0
,1.0,1.0,Reconnaissance UAV,1.0
,1.0,0.0,Iskander-M,17.0
,17.0,17.0,X-101/X-555,24.0
,24.0,18.0,Shahed-136/131,10.0
,10.0,6.0,X-101/X-555,6.0
,6.0,6.0,Shahed-136/131,17.0
,17.0,17.0,Shahed-136/131,22.0
2023-09-13 21:00:00,22.0,17.0,Shahed-136/131,44.0
,44.0,32.0,Shahed-136/131,1.0
,1.0,1.0,Unknown UAV,12.0
,12.0,12.0,Shahed-136/131,33.0
,33.0,26.0,Shahed-136/131,20.0
,20.0,16.0,Shahed-136/131,33.0
,33.0,25.0,Shahed-136/131,32.0
,32.0,23.0,Shahed-136/131,25.0
,25.0,22.0,Shahed-136/131,2.0
,2.0,1.0,Kalibr,2.0
,2.0,2.0,X-59,2.0
2023-08-27 00:00:00,2.0,2.0,Shahed-136/131,2.0
2023-08-26 00:00:00,2.0,2.0,Shahed-136/131,2.0
,2.0,2.0,X-59,1.0
,1.0,1.0,Shahed-136/131,2.0
,2.0,2.0,Kalibr,1.0
2023-08-24 02:30:00,1.0,1.0,Iskander-K,20.0
,20.0,11.0,Shahed-136/131,3.0
2023-08-16 02:00:00,3.0,3.0,Shahed-136/131,13.0
2023-08-15 22:00:00,13.0,13.0,Shahed-136/131,8.0
2023-08-15 03:00:00,8.0,0.0,C-300/C-400,3.0
2023-08-14 14:00:00,3.0,1.0,X-47 Kinzhal,15.0
2023-08-14 01:00:00,15.0,15.0,Shahed-136/131,8.0
2023-08-14 01:00:00,8.0,8.0,Kalibr,5.0
2023-08-12 01:30:00,5.0,3.0,Shahed-136/131,4.0
2023-08-11 09:00:00,4.0,1.0,X-47 Kinzhal,23.0
,23.0,23.0,Shahed-136/131,4.0
,4.0,4.0,Shahed-136/131,2.0
,2.0,0.0,Kalibr,4.0
2023-07-26 19:00:00,4.0,0.0,X-47 Kinzhal,3.0
2023-07-26 13:00:00,3.0,3.0,Kalibr,3.0
,3.0,3.0,Shahed-136/131,3.0
,3.0,0.0,X-22,5.0
,5.0,0.0,P-800 Oniks,4.0
,4.0,4.0,Kalibr,2.0
,2.0,2.0,Iskander-M,5.0
,5.0,5.0,Iskander-K,4.0
,4.0,0.0,X-22,7.0
,7.0,0.0,P-800 Oniks,3.0
,3.0,2.0,Kalibr,5.0
,5.0,3.0,Iskander-K,8.0
,8.0,0.0,X-22,6.0
,6.0,0.0,P-800 Oniks,20.0
,20.0,20.0,Shahed-136/131,5.0
,5.0,5.0,Shahed-136/131,10.0
2023-07-06 01:00:00,10.0,7.0,Kalibr,1.0
,1.0,1.0,ZALA,1.0
,1.0,1.0,Orlan-10,2.0
,2.0,2.0,Merlin-VR,4.0
,4.0,4.0,Lancet,4.0
,4.0,0.0,C-300,6.0
,6.0,6.0,Shahed-136/131,9.0
,9.0,0.0,X-22,13.0
,13.0,13.0,X-101/X-555,3.0
,3.0,0.0,X-47 Kinzhal,3.0
,3.0,0.0,X-22,6.0
,6.0,6.0,Shahed-136/131,6.0
2023-06-16 11:00:00,6.0,6.0,X-47 Kinzhal,6.0
2023-06-16 11:00:00,6.0,6.0,Kalibr,2.0
,2.0,2.0,Shahed-136/131,2.0
,2.0,2.0,Reconnaissance UAV,4.0
2023-06-15 00:20:00,4.0,1.0,X-101/X-555,1.0
,1.0,1.0,ZALA,1.0
,1.0,1.0,Reconnaissance UAV,1.0
,1.0,1.0,Orlan-30,2.0
,2.0,2.0,Orlan-10,1.0
,1.0,1.0,Lancet,6.0
,6.0,0.0,X-22,10.0
,10.0,9.0,Shahed-136/131,4.0
,4.0,3.0,Kalibr,6.0
,6.0,6.0,Shahed-136/131,2.0
2023-06-08 20:00:00,2.0,0.0,Kalibr,1.0
,1.0,1.0,Orlan-10,1.0
,1.0,1.0,Lancet,15.0
2023-06-02 02:00:00,15.0,15.0,X-101/X-555,21.0
2023-06-01 23:00:00,21.0,21.0,Shahed-136/131,7.0
2023-06-01 02:30:00,7.0,7.0,Iskander-M,3.0
2023-06-01 02:30:00,3.0,3.0,Iskander-K,1.0
,1.0,1.0,Orlan-10,2.0
,2.0,2.0,Merlin-VR,2.0
,2.0,2.0,Lancet,11.0
2023-05-29 11:00:00,11.0,11.0,Iskander-M and Iskander-K,7.0
2023-05-25 22:00:00,7.0,0.0,C-300/C-400,1.0
,1.0,1.0,ZALA,1.0
,1.0,1.0,Orlan-10,1.0
,1.0,1.0,Merlin-VR,4.0
2023-05-20 21:00:00,4.0,4.0,Shahed-136/131,18.0
,18.0,18.0,Shahed-136/131,3.0
,3.0,3.0,Shahed-136/131,1.0
,1.0,1.0,Orlan-10,1.0
,1.0,1.0,Merlin-VR,2.0
,2.0,2.0,Shahed-136/131,1.0
,1.0,1.0,Merlin-VR,1.0
,1.0,1.0,Unknown UAV,1.0
,1.0,1.0,Orlan-10,1.0
,1.0,1.0,Supercam,1.0
,1.0,1.0,Orlan-10,2.0
,2.0,2.0,Lancet,4.0
2023-05-14 23:50:00,4.0,4.0,Shahed-136/131,1.0
2023-05-14 23:50:00,1.0,1.0,Orlan-10,1.0
,1.0,1.0,ZALA,2.0
,2.0,2.0,Orlan-10,3.0
2023-05-09 23:30:00,3.0,3.0,Shahed-136/131,8.0
2023-05-08 22:00:00,8.0,8.0,Kalibr,35.0
,35.0,35.0,Shahed-136/131,8.0
2023-05-08 00:00:00,8.0,0.0,Unknown Missile,1.0
,1.0,1.0,ZALA,2.0
,2.0,2.0,Lancet,8.0
,8.0,8.0,Shahed-136/131,4.0
,4.0,4.0,Unknown UAV,1.0
,1.0,1.0,Lancet,2.0
,2.0,2.0,Shahed-136/131,1.0
,1.0,1.0,Unknown UAV,24.0
,24.0,18.0,Shahed-136/131,1.0
2023-05-04 02:30:00,1.0,1.0,X-47 Kinzhal,1.0
,1.0,1.0,Unknown UAV,1.0
,1.0,1.0,Merlin-VR,2.0
,2.0,2.0,Lancet,1.0
,1.0,1.0,Merlin-VR,5.0
,5.0,5.0,Lancet,1.0
,1.0,1.0,Unknown UAV,2.0
,2.0,2.0,Lancet,1.0
2023-04-23 11:50:00,1.0,1.0,Merlin-VR,4.0
,4.0,4.0,Lancet,12.0
,12.0,10.0,Shahed-136/131,1.0
2023-04-08 13:00:00,1.0,1.0,Supercam,17.0
2023-04-04 03:00:00,17.0,14.0,Shahed-136/131,2.0
2023-03-27 21:40:00,2.0,0.0,KAB,2.0
2023-03-23 21:30:00,2.0,2.0,X-59,2.0
2023-03-21 19:40:00,2.0,2.0,X-59,4.0
2023-03-14 10:00:00,4.0,0.0,X-31P,2.0
2023-03-08 00:00:00,2.0,2.0,Shahed-136/131,15.0
,15.0,13.0,Shahed-136/131,4.0
2023-03-01 00:30:00,4.0,4.0,Shahed-136/131,35.0
2023-02-09 21:50:00,35.0,0.0,C-300,1.0
2023-02-09 15:00:00,1.0,1.0,Orion,1.0
2023-01-25 09:00:00,1.0,1.0,Orlan-10,2.0
2023-01-23 10:00:00,2.0,2.0,X-59,1.0
2023-01-23 10:00:00,1.0,1.0,Orlan-10,1.0
2023-01-20 18:00:00,1.0,1.0,Orlan-10,1.0
2023-01-20 18:00:00,1.0,1.0,Merlin-VR,1.0
2023-01-14 15:30:00,1.0,0.0,X-22,1.0
2023-01-12 09:00:00,1.0,1.0,Orlan-10,1.0
2023-01-11 11:00:00,1.0,1.0,Orlan-10,1.0
2023-01-11 11:00:00,1.0,1.0,Orlan-10,1.0
2023-01-11 12:00:00,1.0,1.0,Unknown UAV,1.0
2022-12-31 13:00:00,1.0,1.0,Orlan-10,1.0
,1.0,1.0,Orlan-10,1.0
,1.0,1.0,X-59MK2,1.0
2022-12-20 13:00:00,1.0,1.0,Unknown UAV,1.0
2022-12-20 13:00:00,1.0,1.0,Orion,15.0
,15.0,10.0,Shahed-136/131,5.0
,5.0,5.0,Lancet,2.0
,2.0,2.0,X-59,5.0
,5.0,5.0,Shahed-136/131,2.0
2022-11-14 10:00:00,2.0,2.0,Unknown UAV,2.0
2022-11-04 16:00:00,2.0,2.0,Kalibr,9.0
2022-11-03 22:00:00,9.0,9.0,Shahed-136/131,13.0
2022-11-01 23:00:00,13.0,12.0,Shahed-136/131,1.0
2022-11-01 12:00:00,1.0,1.0,Reconnaissance UAV,3.0
2022-11-01 01:30:00,3.0,3.0,Shahed-136/131,3.0
2022-11-01 01:30:00,3.0,3.0,Shahed-136/131,20.0
2022-10-26 22:00:00,20.0,19.0,Shahed-136/131,1.0
2022-10-25 21:30:00,1.0,1.0,Shahed-136/131,2.0
2022-10-25 21:00:00,2.0,2.0,Shahed-136/131,10.0
2022-10-22 00:00:00,10.0,10.0,Shahed-136/131,14.0
2022-10-20 00:00:00,14.0,14.0,Shahed-136/131,13.0
,13.0,13.0,Shahed-136/131,15.0
2022-10-17 03:30:00,15.0,15.0,Shahed-136/131,11.0
2022-10-16 21:30:00,11.0,11.0,Shahed-136/131,5.0
2022-10-13 16:00:00,5.0,5.0,Kalibr,6.0
,6.0,6.0,Shahed-136/131,13.0
2022-10-11 15:00:00,13.0,13.0,Shahed-136/131,8.0
2022-10-11 03:30:00,8.0,8.0,Shahed-136/131,2.0
2022-10-09 00:30:00,2.0,1.0,X-59,4.0
2022-10-09 00:30:00,4.0,0.0,X-22,16.0
2022-10-09 00:30:00,16.0,0.0,C-300,3.0
2022-10-07 20:00:00,3.0,3.0,Shahed-136/131,3.0
2022-10-06 15:00:00,3.0,3.0,Shahed-136/131,1.0
2022-10-06 15:00:00,1.0,1.0,Orlan-10,1.0
2022-10-06 15:00:00,1.0,1.0,Mohajer-6,2.0
2022-10-06 09:00:00,2.0,2.0,Shahed-136/131,1.0
2022-10-06 09:00:00,1.0,1.0,Mohajer-6,9.0
,9.0,9.0,Shahed-136/131,1.0
2022-10-05 12:00:00,1.0,1.0,Shahed-136/131,1.0
2022-10-05 11:30:00,1.0,1.0,Orlan-10,6.0
,6.0,6.0,Shahed-136/131,7.0
2022-10-02 00:00:00,7.0,5.0,Shahed-136/131,7.0
2022-09-29 23:00:00,7.0,5.0,Shahed-136/131,5.0
,5.0,4.0,X-59,
